{"cameraMode":{"drawMode":0,"name":"Shaded","section":"Shading Mode"},"sceneLighting":true,"audioPlay":false,"sceneViewState":{"m_AlwaysRefresh":false,"showFog":true,"showSkybox":true,"showFlares":true,"showImageEffects":true,"showParticleSystems":true,"showVisualEffectGraphs":true,"m_FxEnabled":true},"in2DMode":false,"pivot":{"x":-35.532264709472659,"y":-88.76343536376953,"z":297.94976806640627},"rotation":{"x":-0.13049574196338654,"y":0.7695624828338623,"z":-0.16669106483459474,"w":-0.6024578809738159},"size":159.09722900390626,"orthographic":false}